,,,,,,,,
,,,,,Menu de Formatos - Link Tree,,,
,,,,,,,,
,,,,,RECEBA AS ATUALIZA√á√ïES ANTES  üì©,,,
,,,,,,,,
,,,,,RESPEITE O CARNAVAL DE TODOS üé∫,,,
,,,,,,,,
,,,,,COMPRE AS CAMISAS DOS BLOCOS üëï,,,
,,,,,,,,
,,,,,ANUNCIE NA PLANILHA üì¢,,,
*Quer incluir seu bloco? Fala com a gente por @mateuskeiroz ou @_sal,,,,,,,,
Dia Semana,Data,Tem festa?,Concentra√ß√£o,Sa√≠da,Cidade,BLOCO / TRO√áA,LOCAL,Confirmado?
QUINTA,12/02,FALSE,19:00,20:00,Recife,Escuta Levino,Pra√ßa Maciel Pinheiro,TRUE
QUINTA,12/02,FALSE,18:00,20:00,Recife,Me Mostra Teu Mapa Astral,Pra√ßa Maciel Pinheiro,TRUE
QUINTA,12/02,FALSE,16:00,17:00,Olinda,Elefante de Olinda,Sede do Homem,TRUE
QUINTA,12/02,FALSE,16:00,17:00,Recife,Afojub√° Batuque,Avenida Marqu√™s de Olinda,TRUE
QUINTA,12/02,FALSE,20:00,21:00,Recife,Shortinho Torano,"Rua do Apolo, 174",TRUE
SEXTA,13/02,FALSE,15:00,16:00,Olinda,Arrast√£o do Maestro √ìseas,Bar do R√≥,FALSE
SEXTA,13/02,FALSE,16:30,17:30,Olinda,Abduzidos,Casa Nala,TRUE
SEXTA,13/02,FALSE,17:00,19:30,Recife,"Segura o Tonho, Charlie Brow",Rua da Moeda,TRUE
SEXTA,13/02,FALSE,17:00,19:00,Recife,Nem Sempre Lily Toca Flauta,P√°tio Santa Cruz,TRUE
SEXTA,13/02,FALSE,19:00,19:00,Olinda,Mulher do Dia,Vassourinhas de Olinda - Largo do Amparo,TRUE
SEXTA,13/02,FALSE,17:00,18:00,Olinda,Caraca Moleque,Centro Luiz Freire,TRUE
SEXTA,13/02,FALSE,18:00,20:00,Olinda,Sem Nome,"Rua 27 de Janeiro, 197",TRUE
SEXTA,13/02,FALSE,18:30,19:30,Olinda,Traquinos em Folia,Sede da Pitombeira,TRUE
SEXTA,13/02,FALSE,19:00,20:00,Recife,Batuques de Pernambuco,Rua da Moeda,TRUE
SEXTA,13/02,FALSE,20:00,21:00,Olinda,"Me Solta, Carai!",Largo do Amparo,TRUE
SEXTA,13/02,FALSE,19:00,21:00,Olinda,Du Nada a Gente Sai,Largo do Amparo,TRUE
SEXTA,13/02,TRUE,17:00,22:00,Olinda,La Ursa do Bonfim,Clube Cariri,TRUE
SEXTA,13/02,TRUE,18:30,22:00,Olinda,Frevo e Folia,Vassourinhas de Olinda - Largo do Amparo,TRUE
SEXTA,13/02,TRUE,18:00,23:00,Olinda,O Lord de Olinda,Largo do Guadalupe,TRUE
S√ÅBADO,14/02,FALSE,5:45,6:45,Recife,Pinto do galo da Madrugada,Pra√ßa do Marco Zero,TRUE
S√ÅBADO,14/02,FALSE,7:00,8:00,Recife,Galinha d‚Äô√Ågua,Rio Capibaribe,TRUE
S√ÅBADO,14/02,FALSE,4:00,9:00,Recife,Galo da Madrugada,Pra√ßa S√©rgio L√¥reto,TRUE
S√ÅBADO,14/02,FALSE,8:00,9:00,Olinda,Sibito Baleado,"Rua Coronel Joaquim Cavalcanti, 201",TRUE
S√ÅBADO,14/02,FALSE,8:00,9:00,Olinda,O Urso Cascudo do Amparo,Largo do Guadalupe,TRUE
S√ÅBADO,14/02,FALSE,8:00,9:00,Olinda,Eu Acho √© Pouco,A confirmar,TRUE
S√ÅBADO,14/02,FALSE,8:00,9:00,Olinda,Bloco Mangue Beat,Mosteiro S√£o Bento,TRUE
S√ÅBADO,14/02,FALSE,8:00,9:00,Olinda,Bloco do Frei,Cruzeiro do Convento de S√£o Francisco,TRUE
S√ÅBADO,14/02,FALSE,8:00,9:00,Olinda,Maracatu Kangoma,"Rua do Amparo, 236",TRUE
S√ÅBADO,14/02,FALSE,9:00,9:59,Recife,Patusquinho,P√°tio S√£o Pedro,TRUE
S√ÅBADO,14/02,FALSE,9:00,10:00,Olinda,De Tanta Ladeira Fiquei Rosa,Mosteiro S√£o Bento,FALSE
S√ÅBADO,14/02,FALSE,8:00,9:00,Olinda,Tambores D'Saia,Pra√ßa de S√£o Pedro,TRUE
S√ÅBADO,14/02,FALSE,8:00,9:00,Olinda,Soul Delas,Mosteiro S√£o Bento,TRUE
S√ÅBADO,14/02,FALSE,9:00,10:00,Olinda,Urso Congelado,"A√ßa√≠ do Carmo, 5",TRUE
S√ÅBADO,14/02,FALSE,10:00,12:00,Olinda,Pife Floyd,"Travessa de S√£o Francisco, 206",TRUE
S√ÅBADO,14/02,FALSE,9:00,10:00,Olinda,F√°brica de Samba,Igreja de S√£o Pedro,FALSE
S√ÅBADO,14/02,FALSE,10:00,10:00,Olinda,Sombatuki,Largo do Amparo,TRUE
S√ÅBADO,14/02,FALSE,9:00,10:00,Olinda,Fique na Sombra,"Rua da Boa Hora, 177",TRUE
S√ÅBADO,14/02,FALSE,9:00,10:00,Olinda,Batucada At√¥mica,Avenida 10 de Novembro,TRUE
S√ÅBADO,14/02,FALSE,13:00,14:00,Olinda,Moidicuento,Pra√ßa Cel Jo√£o Lapa ,TRUE
S√ÅBADO,14/02,FALSE,9:00,11:30,Olinda,Se me der eu como,Rua do Bonfim 386,TRUE
S√ÅBADO,14/02,TRUE,9:00,9:00,Olinda,Trinca de √Ås,Espa√ßo Cultural Osvaldo S√©rgio,TRUE
S√ÅBADO,14/02,FALSE,13:30,14:30,Olinda,Ta Bom a Gente Freva,Mosteiro S√£o Bento,FALSE
S√ÅBADO,14/02,FALSE,15:00,16:20,Olinda,Sobrec√∫,Beco do Bajado,FALSE
S√ÅBADO,14/02,FALSE,14:00,14:00,Olinda,Bumba Meu Bowie,Pra√ßa do Jacar√©,TRUE
S√ÅBADO,14/02,FALSE,14:00,14:00,Olinda,Maracadonna,Pra√ßa do Jacar√©,TRUE
S√ÅBADO,14/02,FALSE,14:00,14:50,Olinda,Chapadinhos na Praia,Alto da S√©,TRUE
S√ÅBADO,14/02,TRUE,12:00,16:00,Olinda,Ceroula de Olinda,Col√©gio Sao Bento,TRUE
S√ÅBADO,14/02,FALSE,16:00,16:00,Olinda,Hoje a Mangueira Entra,"Rua Coronel Joaquim Cavalcanti, 487",TRUE
S√ÅBADO,14/02,FALSE,15:00,16:00,Recife,Cordas e Retalhos,"Rua da Guia, 86",TRUE
S√ÅBADO,14/02,FALSE,14:00,15:00,Olinda,Afojub√° Batuque,Mosteiro S√£o Bento,TRUE
S√ÅBADO,14/02,FALSE,16:00,17:00,Olinda,Menino da Tarde,Largo do Guadalupe,TRUE
S√ÅBADO,14/02,TRUE,10:00,17:00,Olinda,Papudinhos do Bonsucesso,Espa√ßo Cultural Osvaldo S√©rgio,TRUE
S√ÅBADO,14/02,FALSE,18:00,18:00,Olinda,Burra do Ros√°rio,Guadalupe - Sede da Burra,TRUE
S√ÅBADO,14/02,FALSE,18:00,19:00,Olinda,Afox√© Alafin Oy√≥,Largo do Guadalupe,TRUE
S√ÅBADO,14/02,FALSE,18:00,19:00,Olinda,John Travolta,Vassourinhas de Olinda - Largo do Amparo,TRUE
S√ÅBADO,14/02,FALSE,23:00,0:00,Olinda,Homem da Meia Noite,Estrada do Bom Sucesso - Sede do Homem,TRUE
DOMINGO,15/02,FALSE,3:00,4:00,Olinda,Cariri,Clube Cariri,TRUE
DOMINGO,15/02,FALSE,8:00,8:00,Olinda,Mucha Lucha,Alto da S√©,TRUE
DOMINGO,15/02,FALSE,9:00,9:00,Olinda,D'Breck,Largo do Bonfim,TRUE
DOMINGO,15/02,FALSE,8:00,9:00,Olinda,A Rede,Largo do Guadalupe,TRUE
DOMINGO,15/02,FALSE,8:00,9:00,Olinda,Batadon√≠,Pra√ßa do Carmo,FALSE
DOMINGO,15/02,FALSE,8:00,9:00,Olinda,Birita de Olinda,Rua do Amparo 110,TRUE
DOMINGO,15/02,FALSE,8:00,9:00,Olinda,Batuques de Pernambuco,Pra√ßa do Carmo,TRUE
DOMINGO,15/02,FALSE,8:00,10:00,Olinda,Filhas de Betha,Largo do Amparo,TRUE
DOMINGO,15/02,FALSE,9:00,9:59,Olinda,Patusco,"Rua do Amparo, 292",TRUE
DOMINGO,15/02,FALSE,9:00,10:00,Olinda,Sambadeiras,Ladeira da Misericordia,TRUE
DOMINGO,15/02,FALSE,9:00,10:00,Olinda,Enquanto Isso Na Sala da Justi√ßa,Alto da S√©,TRUE
DOMINGO,15/02,FALSE,9:00,10:00,Olinda,Congobloco,Sede do Macaratu Na√ß√£o Pernambuco,TRUE
DOMINGO,15/02,FALSE,9:00,10:00,Olinda,T√° Calor Nessa Roupa?,Casbah,TRUE
DOMINGO,15/02,FALSE,9:00,10:00,Olinda,Mulher do Dia,Casa PE no Carnaval,TRUE
DOMINGO,15/02,FALSE,15:30,15:30,Olinda,Grheia,Alto da S√©,TRUE
DOMINGO,15/02,FALSE,10:00,10:00,Olinda,Sombatuki,Rua do Bonfim,TRUE
DOMINGO,15/02,FALSE,9:00,10:00,Olinda,Bloco Tira Lama,Mosteiro S√£o Bento,TRUE
DOMINGO,15/02,FALSE,9:30,10:30,Olinda,Rebylleurias,"Rua do Bonfim, 449",TRUE
DOMINGO,15/02,FALSE,11:00,12:00,Olinda,Dez de Xarque e Uma Latinha,Largo do Amparo,TRUE
DOMINGO,15/02,FALSE,11:00,14:00,Olinda,Umuarama,"Rua Epit√°cio Pessoa Sobrinho, 91",TRUE
DOMINGO,15/02,TRUE,10:00,14:00,Olinda,Me Adota,Pra√ßa do Carmo,TRUE
DOMINGO,15/02,FALSE,13:00,14:00,Olinda,Marim dos Caet√©s,Largo do Guadalupe,FALSE
DOMINGO,15/02,FALSE,12:00,15:00,Olinda,Fogo na Bacurinha,Mercado da Ribeira,TRUE
DOMINGO,15/02,TRUE,11:00,15:30,Olinda,Bloco do Cimento,Vassourinhas de Olinda - Largo do Amparo,TRUE
DOMINGO,15/02,FALSE,14:00,15:00,Olinda,A Cama de Olinda,Rua Coronel Joaquim Cavalcante (Ateli√™ de Billy),FALSE
DOMINGO,15/02,FALSE,15:00,16:00,Olinda,Vem Pra Sombra,"Estrada do Bonsucesso, 510",FALSE
DOMINGO,15/02,FALSE,15:00,16:00,Olinda,Unidos Pela Ansiedade,Rua do Bonfim (esquina com a Pra√ßa do Carmo),FALSE
DOMINGO,15/02,FALSE,15:00,16:00,Recife,Caranguejo no Ca√ßu√°,Rua da Moeda,TRUE
DOMINGO,15/02,FALSE,17:30,16:30,Olinda,O Dono do Mundo,Largo do Guadalupe,FALSE
DOMINGO,15/02,FALSE,17:00,19:00,Olinda,Elefante de Olinda,Largo do Bonsucesso - Sede do Homem,TRUE
SEGUNDA,16/02,FALSE,8:00,9:00,Olinda,Apoteose dos Bonecos Gigantes,Alto da S√©,TRUE
SEGUNDA,16/02,FALSE,8:00,9:00,Olinda,Minha Cobra,Largo do Bonsucesso,TRUE
SEGUNDA,16/02,FALSE,8:00,9:00,Olinda,Soul Delas,Mosteiro S√£o Bento,TRUE
SEGUNDA,16/02,FALSE,8:00,9:00,Olinda,Tambores D'Saia,Pra√ßa de S√£o Pedro,TRUE
SEGUNDA,16/02,FALSE,8:30,9:30,Olinda,Birita de Olinda,"Rua do Amparo, 110",TRUE
SEGUNDA,16/02,FALSE,10:00,11:30,Olinda,Minhoc√£o de Olinda,Atr√°s da Igreja de S√£o Pedro,TRUE
SEGUNDA,16/02,FALSE,10:00,10:00,Olinda,Pitombeira dos Quatro Cantos,Sede da Pitombeira,TRUE
SEGUNDA,16/02,FALSE,9:00,10:00,Olinda,F√°brica de Samba,Igreja de S√£o Pedro,FALSE
SEGUNDA,16/02,FALSE,9:00,10:30,Olinda,M√©xico Peru,Ladeira da Miseric√≥rdia,TRUE
SEGUNDA,16/02,FALSE,10:00,10:30,Olinda,Comigo √© Assim,Alto da S√©,TRUE
SEGUNDA,16/02,FALSE,11:00,12:00,Olinda,Ta'Qui Pr'Oc√™s,"Rua Nelson Guedes da Silva, 142 (Beco do Lixo)",TRUE
SEGUNDA,16/02,FALSE,11:30,12:30,Olinda,Se Eu Flopar Me Beija,Pra√ßa Cel Jo√£o Lapa ,TRUE
SEGUNDA,16/02,FALSE,11:30,13:30,Olinda,Mulher na Vara,Casa de Dona D√°,TRUE
SEGUNDA,16/02,FALSE,13:00,14:00,Olinda,Pr√©-Sal,"Rua Joaquim Cavalcanti, 511",FALSE
SEGUNDA,16/02,FALSE,13:00,14:00,Recife,Amantes de Gl√≥ria,Rua da Guia,TRUE
SEGUNDA,16/02,FALSE,15:30,15:30,Olinda,Grheia,Alto da S√©,TRUE
SEGUNDA,16/02,FALSE,15:00,16:00,Recife,Segunda tem palha√ßo,Rua da Moeda,TRUE
SEGUNDA,16/02,FALSE,15:00,16:00,Recife,Bloco da Saudade,Pra√ßa Maciel Pinheiro,TRUE
SEGUNDA,16/02,FALSE,15:00,16:00,Olinda,Bloco da Ema,Pra√ßa Cel Jo√£o Lapa ,TRUE
SEGUNDA,16/02,FALSE,15:00,16:00,Olinda,F√≠gado de A√ßo,"Rua do Bonfim, 109",TRUE
SEGUNDA,16/02,FALSE,15:00,16:00,Olinda,Batucada At√¥mica,Pra√ßa do Carmo - Focca,TRUE
SEGUNDA,16/02,FALSE,15:00,16:00,Olinda,Maracatu Na√ß√£o Pernambuco,Casar√£o Na√ß√£o Pernambuco,TRUE
SEGUNDA,16/02,FALSE,13:00,17:00,Recife,Bloco do Nada,Rua Ros√°rio da Boa Vista,TRUE
SEGUNDA,16/02,FALSE,14:30,17:00,Olinda,Garoto de Vassoura,"Rua Antonio Luciano de Oliveira, 239",TRUE
SEGUNDA,16/02,TRUE,11:00,17:00,Olinda,Metido a Rico Por√©m Liso,Espa√ßo Cultural Osvaldo S√©rgio,TRUE
SEGUNDA,16/02,FALSE,18:00,19:30,Olinda,O Rodo,Casa de Dona D√°,TRUE
SEGUNDA,16/02,FALSE,19:00,20:00,Recife,Noite dos tambores silenciosos,P√°tio do Ter√ßo,TRUE
SEGUNDA,16/02,FALSE,19:00,20:00,Olinda,Boi da Macuca,Vassourinhas de Olinda - Largo do Amparo,TRUE
TER√áA,17/02,FALSE,7:00,7:00,Olinda,A Corda,Ladeira da Misericordia,TRUE
TER√áA,17/02,FALSE,7:00,8:00,Olinda,A Porca,Rua da Palha com a Dr Moreira Alves ,FALSE
TER√áA,17/02,FALSE,8:00,9:00,Olinda,Ar de Olinda,Prefeitura de Olinda,FALSE
TER√áA,17/02,FALSE,9:00,9:00,Olinda,D'Breck,Largo do Bonfim,TRUE
TER√áA,17/02,FALSE,8:00,9:00,Olinda,Maracatu Kangoma,"Rua do Amparo, 236",TRUE
TER√áA,17/02,FALSE,8:00,9:00,Olinda,Batadon√≠,Pra√ßa do Carmo,FALSE
TER√áA,17/02,FALSE,8:00,9:00,Olinda,Batuques de Pernambuco,Pra√ßa do Carmo,TRUE
TER√áA,17/02,FALSE,9:00,9:59,Olinda,Patusco,"Rua do Amparo, 292",TRUE
TER√áA,17/02,FALSE,10:00,10:00,Olinda,Pitombeira dos Quatro Cantos,Largo do Amparo,TRUE
TER√áA,17/02,FALSE,9:00,10:00,Olinda,Sambadeiras,Ladeira da Misericordia,FALSE
TER√áA,17/02,FALSE,9:00,10:00,Olinda,Deusas do √âbano,Pra√ßa do Carmo,FALSE
TER√áA,17/02,FALSE,10:00,11:00,Olinda,Encontro dos Bonecos Gigantes,Largo do Guadalupe,TRUE
TER√áA,17/02,FALSE,9:30,10:30,Olinda,Rebylleurias,"Rua do Bonfim, 449",TRUE
TER√áA,17/02,FALSE,11:00,13:00,Olinda,Quem Cola Entra,"Rua Henrique Dias, 130",TRUE
TER√áA,17/02,FALSE,11:00,12:00,Olinda,Os Abutres,Rua 15 de Novembro,TRUE
TER√áA,17/02,FALSE,11:00,12:00,Olinda,Zebra das Olindas,Rua Maria Adalgisa Ferreira de Castro,TRUE
TER√áA,17/02,TRUE,12:00,14:30,Olinda,Segurucu,Bar Esquina do Carmo,TRUE
TER√áA,17/02,TRUE,10:00,15:00,Olinda,Caranguejo Papam√©,"Rua Jer√¥nimo de Albuquerque, 112",TRUE
TER√áA,17/02,TRUE,12:00,16:00,Recife,Bloco da Saudade,Pra√ßa Maciel Pinheiro,TRUE
TER√áA,17/02,TRUE,12:00,16:00,Olinda,Ceroula de Olinda,Col√©gio Sao Bento,TRUE
TER√áA,17/02,FALSE,15:00,16:00,Olinda,Rainha,"Rua Coronel Joaquim Cavalcante , 298",TRUE
TER√áA,17/02,FALSE,15:00,16:00,Recife,Quero ver quem vai,Pra√ßa do Arsenal,FALSE
TER√áA,17/02,FALSE,16:00,17:00,Recife,Maracatu Na√ß√£o Pernambuco,Pra√ßa do Arsenal,TRUE
TER√áA,17/02,FALSE,16:00,17:00,Olinda,Eu Acho √© Pouco,Local n√£o divulgado,TRUE
TER√áA,17/02,FALSE,16:00,17:00,Recife,Afojub√° Batuque,Avenida Marqu√™s de Olinda,TRUE
TER√áA,17/02,FALSE,17:00,19:30,Olinda,Lenhadores Olindense,Largo do Guadalupe,TRUE
TER√áA,17/02,FALSE,1900,20:00,Recife,Congobloco,Rua da Guia,TRUE
QUARTA,15/02,FALSE,8:00,8:00,Olinda,Bacalhau do Batata,Alto da S√©,TRUE
QUARTA,15/02,FALSE,10:00,11:00,Olinda,Bloco do Bar√£o,Rua da Boa Hora,TRUE
QUARTA,15/02,FALSE,13:00,14:00,Olinda,Coveirinhos na Folia,Cemit√©rio de Guadalupe,TRUE
QUARTA,15/02,FALSE,17:00,18:00,Olinda,Boi da Macuca,Largo do Guadalupe,TRUE
QUARTA,15/02,FALSE,17:00,18:00,Olinda,Bloco do Case,Atr√°s da Igreja de S√£o Pedro,TRUE
QUARTA,15/02,FALSE,18:00,19:00,Olinda,Encontro de Bois,Rua da Boa Hora,TRUE
QUARTA,15/02,FALSE,23:00,23:59,Olinda,Segura a Coisa,Pra√ßa do Fortim,TRUE